C,I,R,C,U,M,L,O,C,U,T,I,O,N,S
C,L,I,N,G
C,A,U,S,A,L,I,T,Y
C,R,I,P,P,L,E,D
C,H,A,S,E
C,O,A,U,T,H,O,R
C,Y,B,E,R,N,E,T,I,C
C,A,S,T,L,E,D
C,O,L,L,E,C,T,I,V,E,L,Y
C,U,R,E,S
C,L,E,A,V,A,G,E
C,O,N,S,T,A,N,C,Y
C,A,N,D,L,E,R
C,E,N,S,U,R,E,R
C,O,M,M,A,N,D,A,N,T
C,O,M,P,L,I,M,E,N,T,E,D
C,R,U,M,B,L,E,S
C,O,N,C,E,R,N,S
C,U,S,T,A,R,D
C,O,T,T,A,G,E,S
C,O,N,C,U,R
C,O,L,L,A,P,S,I,B,L,E
C,L,E,A,R,E,R
C,O,U,P,L,E,R
C,O,N,S,U,M,P,T,I,O,N,S
C,R,O,M,W,E,L,L
C,H,A,P,L,A,I,N,S
C,A,N,T,O
C,A,R,B,O,L,O,Y
C,H,I,E,F,T,A,I,N
C,O,N,S,O,L,A,T,I,O,N,S
C,O,G,S
C,O,I,N,C,I,D,E,N,C,E
C,R,U,D,E,R
C,O,U,N,T,A,B,L,Y
C,H,I,C,K,E,N
C,O,N,V,E,N,I,N,G
C,E,L,T,I,C,I,Z,E
C,Z,E,C,H,O,S,L,O,V,A,K,I,A
C,L,I,M,E
C,H,E,A,P,E,N,S
C,O,R,S,I,C,A,N
C,O,N,S,T,E,R,N,A,T,I,O,N
C,O,E,R,C,E,S
C,O,N,J,U,R,I,N,G
C,O,M,M,O,N,W,E,A,L,T,H,S
C,H,E,R,O,K,E,E
C,A,L,D,E,R,A
C,O,M,B,I,N,A,T,O,R,I,A,L,L,Y
C,O,M,P,R,E,S,S,I,B,L,E
C,H,O,C,O,L,A,T,E,S
C,O,N,C,E,D,I,N,G
C,R,U,E,L,E,R
C,U,R,R,E,N,T,L,Y
C,U,R,R,E,N,T,S
C,O,N,N,E,C,T,I,O,N,L,E,S,S
C,R,E,A,T,I,N,G
C,O,N,S,T,R,U,I,N,G
C,I,N,N,A,M,O,N
C,O,L,L,A,B,O,R,A,T,I,V,E
C,O,U,S,I,N,S
C,L,A,R,E,M,O,N,T
C,O,R,P,O,R,A,L
C,R,E,A,K,Y
C,H,I,S,E,L,E,R
C,O,M,M,O,N,E,S,T
C,A,I,N
C,O,M,P,L,A,I,N
C,A,V,I,N,E,S,S
C,O,N,T,I,N,G,E,N,C,Y
C,R,A,I,G
C,H,O,R,E,O,G,R,A,P,H,Y
C,A,L,L,A,G,H,A,N
C,O,M,M,O,N,P,L,A,C,E,S
C,O,A,C,H,E,R
C,L,I,M,E,S
C,O,N,T,I,N,U,I,T,I,E,S
C,E,L,L,S
C,O,N,S,O,L,E,R,S
C,H,L,O,R,O,P,H,Y,L,L
C,A,N,N,E,R,S
C,O,R,K,S
C,O,E,X,I,S,T,S
C,O,N,S,T,R,U,C,T,I,O,N,S
C,L,I,P
C,O,N,C,E,R,T,O
C,O,N,T,R,I,V,E,D
C,O,M,M,U,N,I,O,N
C,R,A,V,E
C,A,S,I,N,G,S
C,O,R,R,E,C,T,L,Y
C,R,O,M,W,E,L,L,I,A,N
C,R,U,S,O,E
C,A,N,F,I,E,L,D
C,O,M,M,U,T,I,N,G
C,L,O,C,K,E,R
C,R,A,V,E,S
C,O,N,C,E,R,T,M,A,S,T,E,R
C,R,U,I,S,I,N,G
C,O,N,F,L,A,G,R,A,T,I,O,N
C,O,R,O,N,A,T,I,O,N
C,O,M,P,A,R,E,D
C,H,A,O,S
C,R,E,W,S
C,R,E,W,S
C,O,M,P,L,E,X,I,O,N
C,O,N,C,R,E,T,E,S
C,O,M,M,E,M,O,R,A,T,E,S
C,R,O,C,O,D,I,L,E
C,O,M,M,O,N,W,E,A,L,T,H
C,O,N,T,A,G,I,O,U,S,L,Y
C,O,N,S,E,Q,U,E,N,C,E
C,I,R,C,U,S,E,S
C,O,N,F,E,S,S,I,N,G
C,O,M,B,A,T,I,V,E
C,R,A,Z,E,S
C,A,N,A,R,Y
C,O,R,P,O,R,A,T,I,O,N
C,L,A,M,P,E,D
C,O,N,F,I,N,E
C,U,T,T,E,R,S
C,O,V,E,T,E,D
C,H,A,L,K,E,D
C,O,M,P,E,T,I,T,O,R
C,O,M,M,E,N,T,A,T,O,R,S
C,O,R,D,E,D
C,O,N,S,E,C,R,A,T,E
C,A,R,T,O,N,S
C,A,V,E,R,N,O,U,S
C,L,U,C,K,E,D
C,O,P,S,E
C,E,R,T,I,F,I,A,B,L,E
C,O,V,E,N,T,R,Y
C,O,M,M,U,N,E
C,A,R,B,O,N,I,Z,E,D
C,L,A,S,S,R,O,O,M
C,R,U,C,I,F,I,E,D
C,U,L,L
C,O,N,F,I,N,E
C,O,N,T,R,I,V,A,N,C,E,S
C,H,E,C,K,E,R,B,O,A,R,D,I,N,G
C,R,E,T,E
C,A,R,E,L,E,S,S,L,Y
C,A,P,A,C,I,T,I,V,E
C,A,L,L,E,R,S
C,O,V,A,L,E,N,T
C,O,N,T,A,I,N,M,E,N,T,S
C,O,E,X,I,S,T,S
C,O,N,F,I,S,C,A,T,E,D
C,U,E,D
C,H,I,L,D,I,S,H,N,E,S,S
C,O,W,E,R,S
C,O,N,D,U,C,T,I,V,E
C,O,L,D,E,S,T
C,O,N,T,I,N,U,A,N,C,E,S
C,O,M,P,U,S,E,R,V,E
C,O,N,T,R,A,R,Y
C,L,A,N,N,I,S,H
C,O,N,V,E,C,T
C,R,E,W,E,D
C,O,M,M,E,N,D,A,T,I,O,N,S
C,U,L,M,I,N,A,T,I,N,G
C,A,P,I,T,A,L,I,Z,E
C,O,N,F,U,C,I,U,S
C,A,L,C,U,L,A,T,E,S
C,U,T,T,L,E,F,I,S,H
C,R,A,V,E,N
C,R,Y,P,T,O,G,R,A,P,H,I,C,A,L,L,Y
C,H,R,I,S,T,E,N,S,O,N
C,O,M,F,O,R,T,E,R,S
C,O,I,N,C,I,D,E,D
C,R,U,N,C,H
C,U,M,U,L,A,T,I,V,E,L,Y
C,H,A,N,D,E,L,I,E,R
C,A,L,V,I,N,I,Z,E,S
C,O,N,T,E,M,P,L,A,T,I,V,E
C,O,N,Q,U,E,R,E,D
C,O,U,N,T,E,R,F,E,I,T,E,D
C,O,N,C,A,T,E,N,A,T,E,S
C,O,L,O,N,S
C,A,T,A,L,Y,S,T,S
C,A,R,I,B,B,E,A,N
C,A,L,M
C,R,E,V,I,C,E,S
C,O,B,B,L,E,S,T,O,N,E
C,A,R,D,S
C,A,P,T,U,R,E,S
C,L,I,M,A,T,E
C,O,M,P,I,L,A,T,I,O,N
C,O,N,S,E,Q,U,E,N,C,E,S
C,A,P,T,O,R
C,I,L,I,A
C,R,Y,S,T,A,L,S
C,O,N,G,L,O,M,E,R,A,T,E
C,U,L,T,I,V,A,T,E,D
C,R,O,W,N,E,D
C,O,U,L,D
C,O,N,S,T,R,A,I,N,E,D
C,R,A,F,T,S,P,E,O,P,L,E
C,O,G,N,I,T,I,O,N
C,O,H,E,S,I,V,E,N,E,S,S
C,O,N,T,I,N,E,N,T,S
C,R,U,S,A,D,I,N,G
C,O,M,P,A,R,E,D
C,O,N,S,E,N,T,E,D
C,A,N,D,I,D,L,Y
C,A,R,C,I,N,O,G,E,N,I,C
C,H,A,N,C,E,S
C,R,I,T,I,Q,U,E,S
C,R,A,N,K,I,E,S,T
C,A,S,T,R,O
C,R,A,Z,Y
C,O,N,V,E,R,S,E,D
C,A,N,N,E,R
C,H,E,E,K,Y
C,A,P,T,O,R,S
C,H,I,P,M,U,N,K
C,R,A,N,E
C,O,M,P,A,R,A,T,O,R
C,O,N,J,U,N,C,T
C,E,N,T,I,G,R,A,D,E
C,O,N,S,T,I,T,U,E,N,C,Y
C,R,U,D,E,N,E,S,S
C,H,R,I,S,T,L,I,K,E
C,O,N,T,R,A,R,Y
C,L,O,N,E,S
C,A,S,T
C,H,I,R,P,E,D
C,A,N,O,E,S
C,O,M,P,R,E,S,S,I,B,L,E
C,A,M,P,E,R,S
C,H,A,T,E,A,U,S
C,O,N,S,O,R,T,E,D
C,O,M,P,O,N,E,N,T
C,O,R,S,I,C,A,N
C,O,N,D,O,M
C,O,V,E
C,A,U,S,E,D
C,A,G,E,R
C,O,M,P,L,E,M,E,N,T
C,H,O,K,I,N,G
C,H,A,N,T,E,D
C,A,P,T,O,R,S
C,R,U,N,C,H,Y
C,A,L,V,E,R,T
C,O,M,P,A,R,T,M,E,N,T,A,L,I,Z,E
C,O,M,E,D,I,C
C,A,L,M
C,Y,S,T
C,O,P,Y,R,I,G,H,T,A,B,L,E
C,H,A,P,L,A,I,N
C,O,N,F,R,O,N,T,A,T,I,O,N
C,H,A,R,G,E,A,B,L,E
C,H,A,U,T,A,U,Q,U,A
C,R,U,C,I,F,I,E,D
C,R,A,W,L,E,D
C,I,R,C,U,M,N,A,V,I,G,A,T,E
C,O,N,T,R,O,V,E,R,S,I,A,L
C,O,U,R,S,E
C,O,M,P,E,L,L,I,N,G
C,A,F,E,T,E,R,I,A
C,O,N,V,I,C,T,I,O,N
C,L,A,W,S
C,H,A,L,K,E,D
C,A,P,I,T,A,L,I,Z,E,D
C,H,R,I,S,T,I,N,A
C,O,N,V,I,C,T,I,O,N
C,O,P,I,O,U,S,N,E,S,S
C,O,N,D,E,M,N,E,D
C,R,O,C,K,E,R,Y
C,R,A,F,T,S,M,E,N
C,O,N,D,U,C,T,E,D
C,O,M,M,E,N,D
C,U,R,R,I,C,U,L,U,M,S
C,H,A,R,T,R,E,U,S,E
C,O,N,F,E,S,S,I,O,N
C,O,M,F,O,R,T
C,H,E,S,T
C,O,R,N,I,N,G
C,A,L,L,E,R
C,O,N,S,O,R,T,E,D
C,H,A,P,E,L
C,R,A,V,E
C,O,M,M,O,N,N,E,S,S
C,O,M,P,A,R,T,M,E,N,T,A,L,I,Z,E,D
C,A,R,O,L,S
C,O,L,U,M,N
C,O,R,R,E,C,T,N,E,S,S
C,A,L,L,I,N,G
C,O,I,N
C,H,A,R,L,E,Y
C,R,O,M,W,E,L,L,I,A,N
C,H,R,I,S,T,I,A,N,A
C,O,O,K
C,O,M,P,A,C,T,O,R,S
C,O,N,S,T,A,B,L,E
C,O,N,N,E,L,L,Y
C,L,I,N,G,I,N,G
C,O,U,N,T,E,R,I,N,T,U,I,T,I,V,E
C,R,A,N,D,A,L,L
