R,U,N
R,E,F,O,R,M
R,A,V,E,N,I,N,G
R,O,S,Y
R,E,R,E,A,D
R,E,E,V,A,L,U,A,T,I,O,N
R,E,F,I,L,L,A,B,L,E
R,E,L,I,N,Q,U,I,S,H,E,S
R,E,S,U,M,I,N,G
R,O,T,T,E,R,D,A,M
R,E,I,T,E,R,A,T,I,O,N
R,E,C,O,I,L
R,E,A,P,P,R,A,I,S,A,L
R,A,C,K,E,T,E,E,R,I,N,G
R,E,N,T,A,L
R,E,Q,U,I,R,E,D
R,E,C,O,D,E,S
R,E,C,I,P,E
R,I,O,T,S
R,O,A,S,T
R,A,T,T,L,E,S
R,A,T,I,O,N,A,L,I,Z,A,T,I,O,N,S
R,I,F,L,E,S
R,I,D,D,L,E,D
R,E,N,A,M,E
R,E,A,C,T,I,V,A,T,I,O,N
R,E,E,L,I,N,G
R,E,P,R,O,D,U,C,I,B,I,L,I,T,Y
R,O,O,S,E,V,E,L,T,I,A,N
R,E,I,N,F,O,R,C,I,N,G
R,E,L,O,C,A,T,I,O,N
R,E,D,I,S,P,L,A,Y,S
R,E,S,E,A,R,C,H
R,E,I,T,E,R,A,T,E,S
R,A,L,P,H
R,E,C,O,N,F,I,G,U,R,E
R,E,E,N,T,E,R,E,D
R,E,V,O,C,A,B,L,E
R,E,F,I,L,L,A,B,L,E
R,A,S,C,A,L
R,U,B,I,N
R,I,V,A,L,L,E,D
R,E,S,P,E,C,T,F,U,L
R,I,P,P,L,E,S
R,I,G,H,T,L,Y
R,E,P,A,R,T,E,E
R,E,A,L,L,O,C,A,T,E
R,E,F,I,N,E,S
R,E,C,Y,C,L,E,D
R,E,W,R,I,T,I,N,G
R,E,A,C,T,O,R,S
R,E,N,A,U,L,T
R,E,A,S,S,I,G,N,I,N,G
R,E,F,L,E,C,T,I,O,N,S
R,E,S,Y,N,C,H,R,O,N,I,Z,I,N,G
R,E,S,T,A,R,T
R,E,C,O,I,L,I,N,G
R,E,D,E,E,M,E,R
R,E,A,R,R,A,N,G,E,M,E,N,T
R,E,A,S,O,N,S
R,E,N,U,N,C,I,A,T,E
R,O,C,K,E,F,E,L,L,E,R
R,E,F,L,E,C,T,I,V,E,L,Y
R,A,F,T,S
R,E,L,O,A,D
R,I,N,S,E
R,E,P,E,A,L
R,E,D,U,C,E,S
R,I,N,S,I,N,G
R,E,P,L,Y
R,E,H,A,B,I,L,I,T,A,T,E
R,E,Y,K,J,A,V,I,K
R,E,L,I,G,I,O,N,S
R,E,S,T,R,A,I,N,E,R
R,E,A,L,I,G,N
R,A,I,S,E,S
R,E,A,P,P,R,A,I,S,A,L,S
R,E,P,U,D,I,A,T,I,N,G
R,A,D,I,O,L,O,G,Y
R,A,I,S,E,R,S
R,E,V,I,S,I,O,N,S
R,O,U,S,I,N,G
R,E,G,A,I,N
R,E,P,E,T,I,T,I,V,E,N,E,S,S
R,I,D,I,C,U,L,O,U,S,N,E,S,S
R,E,E,N,T,E,R
R,I,G,O,R,S
R,A,D,I,A,N,C,E
R,E,C,K,O,N
R,U,S,T,I,N,G
R,E,P,E,A,T,E,R,S
R,A,D,I,O,L,O,G,Y
R,O,S,S
R,O,E
R,U,L,E,R
R,I,G,H,T,M,O,S,T
R,E,S,P,O,N,D,E,D
R,E,F,R,E,S,H,E,D
R,H,Y,T,H,M,I,C
R,E,S,T,A,T,E,S
R,A,P,E,D
R,E,C,T,A,N,G,L,E
R,E,S,P,O,N,S,I,B,L,Y
R,E,F,E,R,E,N,D,A
R,E,B,O,O,T,S
R,A,D,I,O,L,O,G,Y
R,U,B,L,E
R,E,S,Y,N,C,H,R,O,N,I,Z,E,D
R,O,V,E,D
R,E,E,D,V,I,L,L,E
R,E,G,I,O,N,A,L,L,Y
R,U,D,D,Y
R,E,P,R,E,S,E,N,T,A,B,L,Y
R,E,V,E,R,S,E,D
R,E,D,D,E,S,T
R,O,O,T,I,N,G
R,I,G,O,R,S
R,E,F,E,R,E,E,S
R,H,E,N,I,S,H
R,E,C,L,A,I,M,S
R,E,P,R,O,D,U,C,I,B,L,Y
R,E,J,E,C,T,I,O,N
R,E,A,S,O,N,A,B,L,E
R,E,V,I,L,E
R,E,T,I,C,U,L,A,T,E,S
R,E,N,D,E,R
R,U,N,N,A,B,L,E
R,E,P,R,O,D,U,C,T,I,O,N
R,U,N,T,I,M,E
R,E,D,E,S,I,G,N,I,N,G
R,E,C,O,R,D,I,N,G
R,E,F,U,G,E,E,S
R,A,T,I,F,Y
R,A,S,C,A,L,L,Y
R,E,P,L,E,T,I,O,N
R,E,C,I,T,A,L,S
R,E,C,K,O,N,I,N,G
R,W,A,N,D,A
R,E,P,R,O,A,C,H,E,S
R,E,C,A,L,C,U,L,A,T,E
R,E,S,U,L,T,S
R,E,C,O,G,N,I,Z,E,R,S
R,O,A,M,S
R,O,A,S,T,S
R,A,N,K,I,N
R,E,S,E,A,R,C,H,E,S
R,I,N,E,H,A,R,T
R,E,P,R,I,E,V,E
R,E,S,U,R,R,E,C,T,I,O,N,S
R,E,N,D,I,T,I,O,N,S
R,O,T,A,T,E,S
R,E,S,E,R,V,E,S
R,E,P,L,A,Y,I,N,G
R,U,E,F,U,L,L,Y
R,O,U,T,I,N,G,S
R,O,M,E,L,D,A,L,E
R,E,P,O,S,E,S
R,E,L,A,P,S,E
R,E,E,F
R,E,M,O,N,S,T,R,A,T,E,D
R,A,D,I,C,A,L,L,Y
R,A,D,I,A,T,I,O,N
R,U,G,G,E,D,L,Y
R,E,P,R,E,S,S,I,O,N
R,E,V,I,S,I,O,N,A,R,Y
R,E,B,E,L,L,I,O,U,S,L,Y
R,I,B,O,F,L,A,V,I,N
R,I,V,A,L,L,E,D
R,E,P,R,E,S,E,N,T,A,B,L,Y
R,E,S,E,M,B,L,I,N,G
R,E,G,R,E,S,S,E,S
R,E,F,O,R,M,E,D
R,A,M,S,E,Y
R,E,P,R,O,D,U,C,I,N,G
R,A,V,I,N,G
R,A,F,T
R,E,M,A,I,N,I,N,G
R,E,V,E,R,I,F,Y
R,E,T,O,R,T,E,D
R,I,C,H,A,R,D,S
R,E,E,F,E,R
R,E,A,S,S,I,G,N,I,N,G
R,E,G,E,N,T
R,E,L,E,G,A,T,E,D
R,E,F,O,R,M,A,T,I,O,N
R,E,P,R,O,D,U,C,I,B,L,E
R,I,C,O
R,E,E,S,T,A,B,L,I,S,H
R,O,B,E,R,T,S
R,I,V,E,T,E,R
R,E,P,A,Y,I,N,G
R,E,P,L,I,E,S
R,E,F,R,E,S,H,E,R
R,E,A,L,I,S,T
R,E,L,A,T,I,O,N,S,H,I,P
R,E,C,I,P,R,O,C,A,L,L,Y
R,E,T,I,R,E,S
R,E,C,A,S,T,S
R,E,L,A,T,I,N,G
R,O,M,A,N,I,Z,A,T,I,O,N,S
R,E,I,N,V,E,N,T,I,N,G
R,I,S,I,N,G,S
R,O,S,E,N,B,E,R,G
R,E,V,E,R,S,I,O,N
R,E,M,A,R,K,I,N,G
R,U,D,E,N,E,S,S
R,E,C,O,M,M,E,N,D
R,O,B,B,E,D
R,E,S,T,R,A,I,N
R,E,T,Y,P,E,D
R,W,A,N,D,A
R,E,S,E,R,V,E,D
R,E,J,O,I,N,D,E,R
R,E,L,I,V,I,N,G
R,A,S,H,E,R
R,E,T,R,O,S,P,E,C,T,I,V,E
R,E,T,R,E,A,T,S
R,E,V,E,R,S,E,D
R,I,N,E,H,A,R,T
R,E,F,E,R,E,N,C,I,N,G
R,E,M,I,S,S
R,A,F,F,E,R,T,Y
R,E,C,O,N,S,I,D,E,R,E,D
R,E,C,T,I,F,Y
R,A,K,E
R,E,G,E,N,T,S
R,A,W,E,R
R,E,C,O,M,M,E,N,D,A,T,I,O,N
R,E,S,T,R,A,I,N,E,R,S
R,E,C,O,N,C,I,L,E,D
R,E,P,A,I,R,E,R
R,E,R,O,U,T,E,D
R,I,L,K,E
R,E,P,A,I,D
R,O,U,N,D,L,Y
R,E,S,I,D,E,D
R,A,P
R,A,I,N,I,E,S,T
R,E,C,R,U,I,T,S
R,U,N,N,A,B,L,E
R,E,V,I,L,E,R
R,O,L,L
R,E,G,R,E,T,F,U,L
R,E,S,T,R,A,I,N,E,R
R,O,U,T
R,E,W,A,R,D,I,N,G
R,I,V,A,L,R,Y
R,E,V,E,A,L,S
R,E,A,C,H,E,S
R,H,E,U,M,A,T,I,S,M
R,E,V,E,R,S,E,L,Y
R,E,C,R,E,A,T,E,D
R,E,P,L,I,C,A,S
R,E,C,E,S,S,E,S
R,E,C,E,I,V,A,B,L,E
R,E,C,O,M,M,E,N,D,S
R,H,O,D,E,S,I,A
R,E,C,O,G,N,I,T,I,O,N
R,E,T,R,A,N,S,L,A,T,E,D
R,I,G,O,R
R,O,A,M,I,N,G
R,I,N,G
R,E,G,R,E,S,S
R,E,M,O,T,E,L,Y
R,E,T,R,A,C,E,S
R,O,S,A,B,E,L,L,E
R,E,P,U,L,S,I,O,N,S
R,A,N,G
R,E,C,K,O,N
R,O,M,A,N,C,E
R,E,C,A,P,T,U,R,E,D
R,O,M,U,L,U,S
R,U,N,T,I,M,E
R,E,C,I,P,R,O,C,A,T,E,D
R,E,M,O,V,A,L,S
R,U,T,H,L,E,S,S
R,A,T,E,D
R,A,C,K,E,D
R,E,V,I,S,I,O,N,A,R,Y
R,E,G,I,N,A
R,E,P,L,A,C,E
R,A,G,E,D
R,E,F,R,A,C,T,E,D
R,O,G,U,E,S
R,A,D,I,C,A,L,L,Y
R,E,C,O,N,F,I,G,U,R,E
R,A,P,A,C,I,O,U,S
R,A,N,D,O,M,I,Z,E,S
R,E,D,R,E,S,S,E,D
R,E,T,Y,P,I,N,G
